<?xml version="1.0" encoding="UTF-8"?>
<jcr:root xmlns:sling="http://sling.apache.org/jcr/sling/1.0" xmlns:cq="http://www.day.com/jcr/cq/1.0" xmlns:jcr="http://www.jcp.org/jcr/1.0" xmlns:nt="http://www.jcp.org/jcr/nt/1.0"
    jcr:primaryType="nt:unstructured"
    jcr:title="ContentImageSection元件"
    sling:resourceType="cq/gui/components/authoring/dialog">
    <content
        jcr:primaryType="nt:unstructured"
        sling:resourceType="granite/ui/components/coral/foundation/container"
        margin="{Boolean}true">
        <items jcr:primaryType="nt:unstructured">
            <tabs
                jcr:primaryType="nt:unstructured"
                sling:resourceType="granite/ui/components/coral/foundation/tabs">
                <items jcr:primaryType="nt:unstructured">
                    <main
                        jcr:primaryType="nt:unstructured"
                        jcr:title="主要設定"
                        sling:resourceType="granite/ui/components/coral/foundation/container"
                        margin="{Boolean}true">
                        <items jcr:primaryType="nt:unstructured">
                            <title
                                jcr:primaryType="nt:unstructured"
                                jcr:title="標題文字 - title"
                                sling:resourceType="granite/ui/components/coral/foundation/form/textfield"
                                emptyText="請輸入標題文字"
                                fieldLabel="標題文字 - title"
                                name="./title"
                                required="{Boolean}true"/>
                            <image
                                jcr:primaryType="nt:unstructured"
                                jcr:title="圖片 - image"
                                sling:resourceType="granite/ui/components/coral/foundation/form/pathfield"
                                emptyText="請選擇背景圖片"
                                fieldLabel="圖片 - image"
                                name="./image"
                                required="{Boolean}true"
                                rootPath="/content/dam"/>
                            <contentsection
                                jcr:primaryType="nt:unstructured"
                                jcr:title="內容"
                                sling:resourceType="granite/ui/components/coral/foundation/form/fieldset">
                                <items jcr:primaryType="nt:unstructured">
                                    <type
                                        jcr:primaryType="nt:unstructured"
                                        sling:resourceType="granite/ui/components/coral/foundation/form/select"
                                        fieldLabel="清單樣式(非必填) - type"
                                        name="./type">
                                        <items jcr:primaryType="nt:unstructured">
                                            <item
                                                jcr:primaryType="nt:unstructured"
                                                emptyOption="{Boolean}true"
                                                text="? - item"
                                                value="item"/>
                                        </items>
                                    </type>
                                    <prefixicon
                                        jcr:primaryType="nt:unstructured"
                                        sling:resourceType="granite/ui/components/coral/foundation/form/select"
                                        fieldLabel="清單圖示(非必填) - prefixIcon"
                                        name="./prefixIcon">
                                        <items jcr:primaryType="nt:unstructured">
                                            <check
                                                jcr:primaryType="nt:unstructured"
                                                emptyOption="{Boolean}true"
                                                text="打勾 - check"
                                                value="check"/>
                                        </items>
                                    </prefixicon>
                                    <list
                                        jcr:primaryType="nt:unstructured"
                                        sling:resourceType="granite/ui/components/coral/foundation/form/multifield"
                                        composite="{Boolean}true"
                                        fieldLabel="清單 - list">
                                        <field
                                            jcr:primaryType="nt:unstructured"
                                            sling:resourceType="granite/ui/components/coral/foundation/container"
                                            emptyText="請輸入敘述"
                                            name="./list">
                                            <items jcr:primaryType="nt:unstructured">
                                                <content
                                                    jcr:primaryType="nt:unstructured"
                                                    sling:resourceType="granite/ui/components/coral/foundation/form/textfield"
                                                    emptyText="請輸入敘述"
                                                    name="content"/>
                                            </items>
                                        </field>
                                    </list>
                                </items>
                            </contentsection>
                        </items>
                    </main>
                    <advance
                        jcr:primaryType="nt:unstructured"
                        jcr:title="進階設定"
                        sling:resourceType="granite/ui/components/coral/foundation/container"
                        margin="{Boolean}true">
                        <items jcr:primaryType="nt:unstructured">
                            <layout
                                jcr:primaryType="nt:unstructured"
                                sling:resourceType="granite/ui/components/coral/foundation/form/select"
                                fieldLabel="背景樣式(非必填) - layout"
                                name="./layout">
                                <items jcr:primaryType="nt:unstructured">
                                    <textimage
                                        jcr:primaryType="nt:unstructured"
                                        emptyOption="{Boolean}true"
                                        text="左文右圖 - image-right"
                                        value="image-right"/>
                                </items>
                            </layout>
                        </items>
                    </advance>
                </items>
            </tabs>
        </items>
    </content>
</jcr:root>
