<?xml version="1.0" encoding="UTF-8"?>
<jcr:root xmlns:sling="http://sling.apache.org/jcr/sling/1.0" xmlns:cq="http://www.day.com/jcr/cq/1.0" xmlns:jcr="http://www.jcp.org/jcr/1.0" xmlns:nt="http://www.jcp.org/jcr/nt/1.0"
    jcr:primaryType="nt:unstructured"
    jcr:title="電子報按鍵 - epapermore"
    sling:resourceType="cq/gui/components/authoring/dialog">
    <content
        jcr:primaryType="nt:unstructured"
        sling:resourceType="granite/ui/components/coral/foundation/container">
        <items jcr:primaryType="nt:unstructured">
            <tabs
                jcr:primaryType="nt:unstructured"
                sling:resourceType="granite/ui/components/coral/foundation/tabs">
                <items jcr:primaryType="nt:unstructured">
                    <main
                        jcr:primaryType="nt:unstructured"
                        jcr:title="主要設定"
                        sling:resourceType="granite/ui/components/coral/foundation/container"
                        margin="{Boolean}true">
                        <items jcr:primaryType="nt:unstructured">
                            <left
                                jcr:primaryType="nt:unstructured"
                                jcr:title="左功能鍵"
                                sling:resourceType="granite/ui/components/coral/foundation/form/fieldset">
                                <items jcr:primaryType="nt:unstructured">
                                    <lefttitle
                                        jcr:primaryType="nt:unstructured"
                                        sling:resourceType="granite/ui/components/coral/foundation/form/textfield"
                                        emptyText="請輸入左功能鍵顯示文字"
                                        fieldLabel="左功能鍵顯示名稱 - lefttitle"
                                        name="./lefttitle"/>
                                    <lefturl
                                        jcr:primaryType="nt:unstructured"
                                        sling:resourceType="granite/ui/components/coral/foundation/form/textfield"
                                        emptyText="請輸入左功能鍵連結"
                                        fieldLabel="左功能鍵連結 - lefturl"
                                        name="./lefturl"/>
                                </items>
                            </left>
                            <right
                                jcr:primaryType="nt:unstructured"
                                jcr:title="右功能鍵"
                                sling:resourceType="granite/ui/components/coral/foundation/form/fieldset">
                                <items jcr:primaryType="nt:unstructured">
                                    <righttitle
                                        jcr:primaryType="nt:unstructured"
                                        sling:resourceType="granite/ui/components/coral/foundation/form/textfield"
                                        emptyText="請輸入右功能鍵顯示文字"
                                        fieldLabel="右功能鍵顯示名稱 - righttitle"
                                        name="./righttitle"/>
                                    <righturl
                                        jcr:primaryType="nt:unstructured"
                                        sling:resourceType="granite/ui/components/coral/foundation/form/textfield"
                                        emptyText="請輸入右功能鍵連結"
                                        fieldLabel="右功能鍵連結 - righturl"
                                        name="./righturl"/>
                                </items>
                            </right>
                        </items>
                    </main>
                </items>
            </tabs>
        </items>
    </content>
</jcr:root>
