<?xml version="1.0" encoding="UTF-8"?>
<jcr:root xmlns:sling="http://sling.apache.org/jcr/sling/1.0" xmlns:cq="http://www.day.com/jcr/cq/1.0" xmlns:jcr="http://www.jcp.org/jcr/1.0" xmlns:nt="http://www.jcp.org/jcr/nt/1.0"
    jcr:primaryType="nt:unstructured"
    jcr:title="Figure"
    sling:resourceType="cq/gui/components/authoring/dialog">
    <content
        jcr:primaryType="nt:unstructured"
        sling:resourceType="granite/ui/components/coral/foundation/container"
        margin="{Boolean}true">
        <items jcr:primaryType="nt:unstructured">
            <tabs
                jcr:primaryType="nt:unstructured"
                sling:resourceType="granite/ui/components/coral/foundation/tabs">
                <items jcr:primaryType="nt:unstructured">
                    <main
                        jcr:primaryType="nt:unstructured"
                        jcr:title="基本設定"
                        sling:resourceType="granite/ui/components/coral/foundation/container"
                        margin="{Boolean}true">
                        <items jcr:primaryType="nt:unstructured">
                            <title
                                jcr:primaryType="nt:unstructured"
                                jcr:title="圖示說明文字"
                                sling:resourceType="granite/ui/components/coral/foundation/form/textfield"
                                emptyText="請輸入說明文字"
                                fieldLabel="圖示說明文字"
                                name="./caption"
                                required="{Boolean}true"/>
                            <checkbox
                                jcr:primaryType="nt:unstructured"
                                sling:resourceType="/libs/granite/ui/components/coral/foundation/form/checkbox"
                                checked="{Boolean}true"
                                name="./inline"
                                text="是否滿版"/>
                            <image
                                jcr:primaryType="nt:unstructured"
                                jcr:title="標題圖示"
                                sling:resourceType="granite/ui/components/coral/foundation/form/pathfield"
                                emptyText="請選擇背景圖片"
                                fieldLabel="標題圖示---"
                                forceSelection="{Boolean}false"
                                name="./image"
                                required="{Boolean}true"
                                rootPath="/content/dam"/>
                            <hyperlink
                                jcr:primaryType="nt:unstructured"
                                jcr:title="標題圖示"
                                sling:resourceType="/libs/granite/ui/components/coral/foundation/form/pathfield"
                                emptyText="請輸入圖片連結"
                                fieldLabel="標題圖示"
                                name="./imageUrl"/>
                        </items>
                    </main>
                </items>
            </tabs>
        </items>
    </content>
</jcr:root>
