<?xml version="1.0" encoding="UTF-8"?>
<jcr:root xmlns:sling="http://sling.apache.org/jcr/sling/1.0" xmlns:cq="http://www.day.com/jcr/cq/1.0" xmlns:jcr="http://www.jcp.org/jcr/1.0" xmlns:nt="http://www.jcp.org/jcr/nt/1.0"
    jcr:primaryType="nt:unstructured"
    jcr:title="PanelTitle"
    sling:resourceType="cq/gui/components/authoring/dialog">
    <content
        jcr:primaryType="nt:unstructured"
        sling:resourceType="granite/ui/components/coral/foundation/container"
        margin="{Boolean}true">
        <items jcr:primaryType="nt:unstructured">
            <tabs
                jcr:primaryType="nt:unstructured"
                sling:resourceType="granite/ui/components/coral/foundation/tabs">
                <items jcr:primaryType="nt:unstructured">
                    <main
                        jcr:primaryType="nt:unstructured"
                        jcr:title="基本設定"
                        sling:resourceType="granite/ui/components/coral/foundation/container"
                        margin="{Boolean}true">
                        <items jcr:primaryType="nt:unstructured">
                            <title
                                jcr:primaryType="nt:unstructured"
                                jcr:title="標題文字"
                                sling:resourceType="granite/ui/components/coral/foundation/form/textfield"
                                emptyText="請輸入標題文字"
                                fieldLabel="標題文字"
                                maxlength="{Long}20"
                                name="./title"
                                required="{Boolean}true"/>
                        </items>
                    </main>
                </items>
            </tabs>
        </items>
    </content>
</jcr:root>
