<?xml version="1.0" encoding="UTF-8"?>
<jcr:root xmlns:sling="http://sling.apache.org/jcr/sling/1.0" xmlns:cq="http://www.day.com/jcr/cq/1.0" xmlns:jcr="http://www.jcp.org/jcr/1.0" xmlns:nt="http://www.jcp.org/jcr/nt/1.0"
    jcr:primaryType="nt:unstructured"
    jcr:title="List"
    sling:resourceType="cq/gui/components/authoring/dialog">
    <content
        jcr:primaryType="nt:unstructured"
        sling:resourceType="granite/ui/components/coral/foundation/container"
        margin="{Boolean}true">
        <items jcr:primaryType="nt:unstructured">
            <tabs
                jcr:primaryType="nt:unstructured"
                sling:resourceType="granite/ui/components/coral/foundation/tabs">
                <items jcr:primaryType="nt:unstructured">
                    <main
                        jcr:primaryType="nt:unstructured"
                        jcr:title="主要設定"
                        sling:resourceType="granite/ui/components/coral/foundation/container"
                        margin="{Boolean}true">
                        <items jcr:primaryType="nt:unstructured">
                            <contentsection
                                jcr:primaryType="nt:unstructured"
                                jcr:title="清單"
                                sling:resourceType="granite/ui/components/coral/foundation/form/fieldset">
                                <items jcr:primaryType="nt:unstructured">
                                    <list
                                        jcr:primaryType="nt:unstructured"
                                        sling:resourceType="granite/ui/components/coral/foundation/form/multifield"
                                        composite="{Boolean}true"
                                        fieldLabel="項目文字"
                                        required="{Boolean}true">
                                        <field
                                            jcr:primaryType="nt:unstructured"
                                            sling:resourceType="granite/ui/components/coral/foundation/container"
                                            name="./list">
                                            <items jcr:primaryType="nt:unstructured">
                                                <title
                                                    jcr:primaryType="nt:unstructured"
                                                    sling:resourceType="granite/ui/components/coral/foundation/form/textfield"
                                                    emptyText="請輸入項目文字"
                                                    name="text"
                                                    required="{Boolean}true"/>
                                            </items>
                                        </field>
                                    </list>
                                </items>
                            </contentsection>
                        </items>
                    </main>
                    <advance
                        jcr:primaryType="nt:unstructured"
                        jcr:title="進階設定"
                        sling:resourceType="granite/ui/components/coral/foundation/container"
                        margin="{Boolean}true">
                        <items jcr:primaryType="nt:unstructured">
                            <listpattern
                                jcr:primaryType="nt:unstructured"
                                sling:resourceType="granite/ui/components/coral/foundation/form/select"
                                fieldLabel="清單樣式(非必填)"
                                name="./prefix">
                                <items jcr:primaryType="nt:unstructured">
                                    <check
                                        jcr:primaryType="nt:unstructured"
                                        emptyOption="{Boolean}true"
                                        text="check"
                                        value="check"/>
                                    <bulleted
                                        jcr:primaryType="nt:unstructured"
                                        emptyOption="{Boolean}true"
                                        text="bulleted"
                                        value="bulleted"/>
                                    <number
                                        jcr:primaryType="nt:unstructured"
                                        emptyOption="{Boolean}true"
                                        text="number"
                                        value="number"/>
                                </items>
                            </listpattern>
                        </items>
                    </advance>
                </items>
            </tabs>
        </items>
    </content>
</jcr:root>
