<?xml version="1.0" encoding="UTF-8"?>
<jcr:root xmlns:sling="http://sling.apache.org/jcr/sling/1.0" xmlns:cq="http://www.day.com/jcr/cq/1.0" xmlns:jcr="http://www.jcp.org/jcr/1.0" xmlns:nt="http://www.jcp.org/jcr/nt/1.0"
    jcr:primaryType="nt:unstructured"
    jcr:title="電子報清單 - epaperjournal"
    sling:resourceType="cq/gui/components/authoring/dialog">
    <content
        jcr:primaryType="nt:unstructured"
        sling:resourceType="granite/ui/components/coral/foundation/container"
        margin="{Boolean}true">
        <items jcr:primaryType="nt:unstructured">
            <tabs
                jcr:primaryType="nt:unstructured"
                sling:resourceType="granite/ui/components/coral/foundation/tabs">
                <items jcr:primaryType="nt:unstructured">
                    <main
                        jcr:primaryType="nt:unstructured"
                        jcr:title="主要設定"
                        sling:resourceType="granite/ui/components/coral/foundation/container"
                        margin="{Boolean}true">
                        <items jcr:primaryType="nt:unstructured">
                            <title
                                jcr:primaryType="nt:unstructured"
                                sling:resourceType="granite/ui/components/coral/foundation/form/textfield"
                                emptyText="請輸入元件顯示表頭"
                                fieldLabel="表頭(必填) - title"
                                name="./title"
                                required="{Boolean}true"/>
                            <section
                                jcr:primaryType="nt:unstructured"
                                jcr:title="自訂顯示電子報"
                                sling:resourceType="granite/ui/components/coral/foundation/form/fieldset">
                                <items jcr:primaryType="nt:unstructured">
                                    <epaperitems
                                        jcr:primaryType="nt:unstructured"
                                        jcr:title="內容"
                                        sling:resourceType="granite/ui/components/coral/foundation/form/multifield"
                                        composite="{Boolean}true"
                                        required="{Boolean}true">
                                        <field
                                            jcr:primaryType="nt:unstructured"
                                            sling:resourceType="granite/ui/components/coral/foundation/container"
                                            fieldLabel="自訂顯示電子報"
                                            name="./epapers">
                                            <items jcr:primaryType="nt:unstructured">
                                                <contentpath
                                                    jcr:primaryType="nt:unstructured"
                                                    sling:resourceType="granite/ui/components/coral/foundation/form/pathfield"
                                                    emptyText="請選擇電子報的頁面"
                                                    fieldLabel="請選擇內文路徑(必填) - contentpath"
                                                    name="contentpath"
                                                    required="{Boolean}true"
                                                    rootPath="/content/ebu/"/>
                                            </items>
                                        </field>
                                    </epaperitems>
                                </items>
                            </section>
                        </items>
                    </main>
                </items>
            </tabs>
        </items>
    </content>
</jcr:root>
