<?xml version="1.0" encoding="UTF-8"?>
<jcr:root xmlns:sling="http://sling.apache.org/jcr/sling/1.0" xmlns:cq="http://www.day.com/jcr/cq/1.0" xmlns:jcr="http://www.jcp.org/jcr/1.0" xmlns:nt="http://www.jcp.org/jcr/nt/1.0"
    jcr:primaryType="nt:unstructured"
    jcr:title="ContentSection元件"
    sling:resourceType="cq/gui/components/authoring/dialog">
    <content
        jcr:primaryType="nt:unstructured"
        sling:resourceType="granite/ui/components/coral/foundation/container"
        margin="{Boolean}true">
        <items jcr:primaryType="nt:unstructured">
            <tabs
                jcr:primaryType="nt:unstructured"
                sling:resourceType="granite/ui/components/coral/foundation/tabs">
                <items jcr:primaryType="nt:unstructured">
                    <main
                        jcr:primaryType="nt:unstructured"
                        jcr:title="主要設定"
                        sling:resourceType="granite/ui/components/coral/foundation/container"
                        margin="{Boolean}true">
                        <items jcr:primaryType="nt:unstructured">
                            <title
                                jcr:primaryType="nt:unstructured"
                                jcr:title="標題文字 - Title"
                                sling:resourceType="granite/ui/components/coral/foundation/form/textfield"
                                emptyText="請輸入標題文字"
                                fieldLabel="標題文字 - Title"
                                name="./title"
                                required="{Boolean}true"/>
                            <content
                                jcr:primaryType="nt:unstructured"
                                jcr:title="標題說明文字(非必填) - Content"
                                sling:resourceType="cq/gui/components/authoring/dialog/richtext"
                                emptyText="請輸入標題說明文字"
                                fieldLabel="標題說明文字(非必填) - Content"
                                name="./content"
                                useFixedInlineToolbar="{Boolean}true">
                                <rtePlugins jcr:primaryType="nt:unstructured">
                                    <format
                                        jcr:primaryType="nt:unstructured"
                                        features="bold,italic"/>
                                    <justify
                                        jcr:primaryType="nt:unstructured"
                                        features="-"/>
                                    <links
                                        jcr:primaryType="nt:unstructured"
                                        features="modifylink,unlink"/>
                                    <lists
                                        jcr:primaryType="nt:unstructured"
                                        features="*"/>
                                    <misctools jcr:primaryType="nt:unstructured">
                                        <specialCharsConfig jcr:primaryType="nt:unstructured">
                                            <chars jcr:primaryType="nt:unstructured">
                                                <default_copyright
                                                    jcr:primaryType="nt:unstructured"
                                                    entity="&amp;copy;"
                                                    name="copyright"/>
                                                <default_euro
                                                    jcr:primaryType="nt:unstructured"
                                                    entity="&amp;euro;"
                                                    name="euro"/>
                                                <default_registered
                                                    jcr:primaryType="nt:unstructured"
                                                    entity="&amp;reg;"
                                                    name="registered"/>
                                                <default_trademark
                                                    jcr:primaryType="nt:unstructured"
                                                    entity="&amp;trade;"
                                                    name="trademark"/>
                                            </chars>
                                        </specialCharsConfig>
                                    </misctools>
                                    <paraformat
                                        jcr:primaryType="nt:unstructured"
                                        features="*">
                                        <formats jcr:primaryType="nt:unstructured">
                                            <default_p
                                                jcr:primaryType="nt:unstructured"
                                                description="Paragraph"
                                                tag="p"/>
                                            <default_h1
                                                jcr:primaryType="nt:unstructured"
                                                description="Heading 1"
                                                tag="h1"/>
                                            <default_h2
                                                jcr:primaryType="nt:unstructured"
                                                description="Heading 2"
                                                tag="h2"/>
                                            <default_h3
                                                jcr:primaryType="nt:unstructured"
                                                description="Heading 3"
                                                tag="h3"/>
                                            <default_h4
                                                jcr:primaryType="nt:unstructured"
                                                description="Heading 4"
                                                tag="h4"/>
                                            <default_h5
                                                jcr:primaryType="nt:unstructured"
                                                description="Heading 5"
                                                tag="h5"/>
                                            <default_h6
                                                jcr:primaryType="nt:unstructured"
                                                description="Heading 6"
                                                tag="h6"/>
                                            <default_blockquote
                                                jcr:primaryType="nt:unstructured"
                                                description="Quote"
                                                tag="blockquote"/>
                                            <default_pre
                                                jcr:primaryType="nt:unstructured"
                                                description="Preformatted"
                                                tag="pre"/>
                                        </formats>
                                    </paraformat>
                                    <table
                                        jcr:primaryType="nt:unstructured"
                                        features="-">
                                        <hiddenHeaderConfig
                                            jcr:primaryType="nt:unstructured"
                                            hiddenHeaderClassName="cq-wcm-foundation-aria-visuallyhidden"
                                            hiddenHeaderEditingCSS="cq-RichText-hiddenHeader--editing"/>
                                    </table>
                                    <tracklinks
                                        jcr:primaryType="nt:unstructured"
                                        features="*"/>
                                </rtePlugins>
                                <uiSettings jcr:primaryType="nt:unstructured">
                                    <cui jcr:primaryType="nt:unstructured">
                                        <inline
                                            jcr:primaryType="nt:unstructured"
                                            toolbar="[format#bold,format#italic,format#underline,#justify,#lists,links#modifylink,links#unlink,#paraformat]">
                                            <popovers jcr:primaryType="nt:unstructured">
                                                <justify
                                                    jcr:primaryType="nt:unstructured"
                                                    items="[justify#justifyleft,justify#justifycenter,justify#justifyright]"
                                                    ref="justify"/>
                                                <lists
                                                    jcr:primaryType="nt:unstructured"
                                                    items="[lists#unordered,lists#ordered,lists#outdent,lists#indent]"
                                                    ref="lists"/>
                                                <paraformat
                                                    jcr:primaryType="nt:unstructured"
                                                    items="paraformat:getFormats:paraformat-pulldown"
                                                    ref="paraformat"/>
                                            </popovers>
                                        </inline>
                                        <dialogFullScreen
                                            jcr:primaryType="nt:unstructured"
                                            toolbar="[format#bold,format#italic,format#underline,justify#justifyleft,justify#justifycenter,justify#justifyright,lists#unordered,lists#ordered,lists#outdent,lists#indent,links#modifylink,links#unlink,table#createoredit,#paraformat,image#imageProps]">
                                            <popovers jcr:primaryType="nt:unstructured">
                                                <paraformat
                                                    jcr:primaryType="nt:unstructured"
                                                    items="paraformat:getFormats:paraformat-pulldown"
                                                    ref="paraformat"/>
                                            </popovers>
                                        </dialogFullScreen>
                                        <tableEditOptions
                                            jcr:primaryType="nt:unstructured"
                                            toolbar="[table#insertcolumn-before,table#insertcolumn-after,table#removecolumn,-,table#insertrow-before,table#insertrow-after,table#removerow,-,table#mergecells-right,table#mergecells-down,table#mergecells,table#splitcell-horizontal,table#splitcell-vertical,-,table#selectrow,table#selectcolumn,-,table#ensureparagraph,-,table#modifytableandcell,table#removetable,-,undo#undo,undo#redo,-,table#exitTableEditing,-]"/>
                                    </cui>
                                </uiSettings>
                            </content>
                            <cards
                                jcr:primaryType="nt:unstructured"
                                sling:resourceType="granite/ui/components/coral/foundation/form/multifield"
                                composite="{Boolean}true"
                                fieldLabel="卡片 - cards"
                                required="{Boolean}true">
                                <field
                                    jcr:primaryType="nt:unstructured"
                                    sling:resourceType="granite/ui/components/coral/foundation/container"
                                    name="./cards">
                                    <items jcr:primaryType="nt:unstructured">
                                        <title
                                            jcr:primaryType="nt:unstructured"
                                            jcr:title="卡片標題 - Title"
                                            sling:resourceType="granite/ui/components/coral/foundation/form/textfield"
                                            emptyText="請輸入卡片標題"
                                            name="title"
                                            required="{Boolean}true"/>
                                        <content
                                            jcr:primaryType="nt:unstructured"
                                            jcr:title="標題說明文字(非必填) - Content"
                                            sling:resourceType="cq/gui/components/authoring/dialog/richtext"
                                            emptyText="請輸入標題說明文字"
                                            name="description"
                                            required="{Boolean}true"
                                            useFixedInlineToolbar="{Boolean}true">
                                            <rtePlugins jcr:primaryType="nt:unstructured">
                                                <format
                                                    jcr:primaryType="nt:unstructured"
                                                    features="bold,italic"/>
                                                <justify
                                                    jcr:primaryType="nt:unstructured"
                                                    features="-"/>
                                                <links
                                                    jcr:primaryType="nt:unstructured"
                                                    features="modifylink,unlink"/>
                                                <lists
                                                    jcr:primaryType="nt:unstructured"
                                                    features="*"/>
                                                <misctools jcr:primaryType="nt:unstructured">
                                                    <specialCharsConfig jcr:primaryType="nt:unstructured">
                                                        <chars jcr:primaryType="nt:unstructured">
                                                            <default_copyright
                                                                jcr:primaryType="nt:unstructured"
                                                                entity="&amp;copy;"
                                                                name="copyright"/>
                                                            <default_euro
                                                                jcr:primaryType="nt:unstructured"
                                                                entity="&amp;euro;"
                                                                name="euro"/>
                                                            <default_registered
                                                                jcr:primaryType="nt:unstructured"
                                                                entity="&amp;reg;"
                                                                name="registered"/>
                                                            <default_trademark
                                                                jcr:primaryType="nt:unstructured"
                                                                entity="&amp;trade;"
                                                                name="trademark"/>
                                                        </chars>
                                                    </specialCharsConfig>
                                                </misctools>
                                                <paraformat
                                                    jcr:primaryType="nt:unstructured"
                                                    features="*">
                                                    <formats jcr:primaryType="nt:unstructured">
                                                        <default_p
                                                            jcr:primaryType="nt:unstructured"
                                                            description="Paragraph"
                                                            tag="p"/>
                                                        <default_h1
                                                            jcr:primaryType="nt:unstructured"
                                                            description="Heading 1"
                                                            tag="h1"/>
                                                        <default_h2
                                                            jcr:primaryType="nt:unstructured"
                                                            description="Heading 2"
                                                            tag="h2"/>
                                                        <default_h3
                                                            jcr:primaryType="nt:unstructured"
                                                            description="Heading 3"
                                                            tag="h3"/>
                                                        <default_h4
                                                            jcr:primaryType="nt:unstructured"
                                                            description="Heading 4"
                                                            tag="h4"/>
                                                        <default_h5
                                                            jcr:primaryType="nt:unstructured"
                                                            description="Heading 5"
                                                            tag="h5"/>
                                                        <default_h6
                                                            jcr:primaryType="nt:unstructured"
                                                            description="Heading 6"
                                                            tag="h6"/>
                                                        <default_blockquote
                                                            jcr:primaryType="nt:unstructured"
                                                            description="Quote"
                                                            tag="blockquote"/>
                                                        <default_pre
                                                            jcr:primaryType="nt:unstructured"
                                                            description="Preformatted"
                                                            tag="pre"/>
                                                    </formats>
                                                </paraformat>
                                                <table
                                                    jcr:primaryType="nt:unstructured"
                                                    features="-">
                                                    <hiddenHeaderConfig
                                                        jcr:primaryType="nt:unstructured"
                                                        hiddenHeaderClassName="cq-wcm-foundation-aria-visuallyhidden"
                                                        hiddenHeaderEditingCSS="cq-RichText-hiddenHeader--editing"/>
                                                </table>
                                                <tracklinks
                                                    jcr:primaryType="nt:unstructured"
                                                    features="*"/>
                                            </rtePlugins>
                                            <uiSettings jcr:primaryType="nt:unstructured">
                                                <cui jcr:primaryType="nt:unstructured">
                                                    <inline
                                                        jcr:primaryType="nt:unstructured"
                                                        toolbar="[format#bold,format#italic,format#underline,#justify,#lists,links#modifylink,links#unlink,#paraformat]">
                                                        <popovers jcr:primaryType="nt:unstructured">
                                                            <justify
                                                                jcr:primaryType="nt:unstructured"
                                                                items="[justify#justifyleft,justify#justifycenter,justify#justifyright]"
                                                                ref="justify"/>
                                                            <lists
                                                                jcr:primaryType="nt:unstructured"
                                                                items="[lists#unordered,lists#ordered,lists#outdent,lists#indent]"
                                                                ref="lists"/>
                                                            <paraformat
                                                                jcr:primaryType="nt:unstructured"
                                                                items="paraformat:getFormats:paraformat-pulldown"
                                                                ref="paraformat"/>
                                                        </popovers>
                                                    </inline>
                                                    <dialogFullScreen
                                                        jcr:primaryType="nt:unstructured"
                                                        toolbar="[format#bold,format#italic,format#underline,justify#justifyleft,justify#justifycenter,justify#justifyright,lists#unordered,lists#ordered,lists#outdent,lists#indent,links#modifylink,links#unlink,table#createoredit,#paraformat,image#imageProps]">
                                                        <popovers jcr:primaryType="nt:unstructured">
                                                            <paraformat
                                                                jcr:primaryType="nt:unstructured"
                                                                items="paraformat:getFormats:paraformat-pulldown"
                                                                ref="paraformat"/>
                                                        </popovers>
                                                    </dialogFullScreen>
                                                    <tableEditOptions
                                                        jcr:primaryType="nt:unstructured"
                                                        toolbar="[table#insertcolumn-before,table#insertcolumn-after,table#removecolumn,-,table#insertrow-before,table#insertrow-after,table#removerow,-,table#mergecells-right,table#mergecells-down,table#mergecells,table#splitcell-horizontal,table#splitcell-vertical,-,table#selectrow,table#selectcolumn,-,table#ensureparagraph,-,table#modifytableandcell,table#removetable,-,undo#undo,undo#redo,-,table#exitTableEditing,-]"/>
                                                </cui>
                                            </uiSettings>
                                        </content>
                                    </items>
                                </field>
                            </cards>
                        </items>
                    </main>
                    <advance
                        jcr:primaryType="nt:unstructured"
                        jcr:title="進階設定"
                        sling:resourceType="granite/ui/components/coral/foundation/container"
                        margin="{Boolean}true">
                        <items jcr:primaryType="nt:unstructured">
                            <bgstyle
                                jcr:primaryType="nt:unstructured"
                                sling:resourceType="granite/ui/components/coral/foundation/form/select"
                                fieldLabel="背景樣式(非必填)"
                                name="./bgstyle">
                                <items jcr:primaryType="nt:unstructured">
                                    <arrow
                                        jcr:primaryType="nt:unstructured"
                                        emptyOption="{Boolean}true"
                                        text="箭頭"
                                        value="arrow"/>
                                </items>
                            </bgstyle>
                            <color
                                jcr:primaryType="nt:unstructured"
                                sling:resourceType="granite/ui/components/coral/foundation/form/select"
                                fieldLabel="標題文字顏色(非必填)"
                                name="./color">
                                <items jcr:primaryType="nt:unstructured">
                                    <blue
                                        jcr:primaryType="nt:unstructured"
                                        emptyOption="{Boolean}true"
                                        text="藍色"
                                        value="blue"/>
                                    <red
                                        jcr:primaryType="nt:unstructured"
                                        emptyOption="{Boolean}true"
                                        text="紅色"
                                        value="red"/>
                                </items>
                            </color>
                        </items>
                    </advance>
                </items>
            </tabs>
        </items>
    </content>
</jcr:root>
