<?xml version="1.0" encoding="UTF-8"?>
<jcr:root xmlns:sling="http://sling.apache.org/jcr/sling/1.0" xmlns:cq="http://www.day.com/jcr/cq/1.0" xmlns:jcr="http://www.jcp.org/jcr/1.0" xmlns:nt="http://www.jcp.org/jcr/nt/1.0"
    jcr:primaryType="nt:unstructured"
    jcr:title="HtmlContent"
    sling:resourceType="cq/gui/components/authoring/dialog">
    <content
        jcr:primaryType="nt:unstructured"
        sling:resourceType="granite/ui/components/coral/foundation/container"
        margin="{Boolean}true">
        <items jcr:primaryType="nt:unstructured">
            <tabs
                jcr:primaryType="nt:unstructured"
                sling:resourceType="granite/ui/components/coral/foundation/tabs">
                <items jcr:primaryType="nt:unstructured">
                    <main
                        jcr:primaryType="nt:unstructured"
                        jcr:title="基本設定"
                        sling:resourceType="granite/ui/components/coral/foundation/container"
                        margin="{Boolean}true">
                        <items jcr:primaryType="nt:unstructured">
                            <color
                                jcr:primaryType="nt:unstructured"
                                sling:resourceType="granite/ui/components/coral/foundation/form/select"
                                fieldLabel="文字顏色"
                                name="./color">
                                <items jcr:primaryType="nt:unstructured">
                                    <black50
                                        jcr:primaryType="nt:unstructured"
                                        emptyOption="{Boolean}true"
                                        text="black50"
                                        value="black50"/>
                                    <darkgray
                                        jcr:primaryType="nt:unstructured"
                                        emptyOption="{Boolean}true"
                                        text="darkgray"
                                        value="darkgray"/>
                                    <darkgray50
                                        jcr:primaryType="nt:unstructured"
                                        emptyOption="{Boolean}true"
                                        text="darkgray50"
                                        value="darkgray50"/>
                                </items>
                            </color>
                            <content
                                jcr:primaryType="nt:unstructured"
                                jcr:title="文字框"
                                sling:resourceType="/libs/granite/ui/components/coral/foundation/form/textarea"
                                emptyText="請輸入文字"
                                fieldLabel="文字框"
                                name="./content"
                                useFixedInlineToolbar="{Boolean}true"/>
                        </items>
                    </main>
                </items>
            </tabs>
        </items>
    </content>
</jcr:root>
